IncidentID,AgencyORI,AgencyName,IncidentStatusDesc,County,RdwyNumber,Street,RoadwayName,StreetSfx,StreetDir,IntersectionRdwy,IntersectionRdwyName,BetweenStRdwy1,BetweenStRdwyName1,BetweenStRdwy2,BetweenStRdwyName2,Latitude,Longitude,Milepoint,CollisionDate,CollisionTime,UnitsInvolved,MotorVehiclesInvolved,NumberKilled,NumberInjured,Weather,RdwyConditionCode,HitandRun,DirAnalysisCode,MannerofCollision,RdwyCharacter,LightCondition,RampFromRdwyId,RampToRdwyId,AcceptedDate,IsSecondaryCollision,OwnerBadge,IncidentStatus
30799715,0568000,LOUISVILLE METRO POLICE DEPT,Accepted,JEFFERSON,KY0061,,PRESTON,HWY,,,LAMBERT,,,,,38.1350234,-85.68490408,3.708,44866,2017,2,1,1,0,CLEAR,DRY,TRUE,COLLISION WITH BICYCLE IN INTERSECTION,SINGLE VEHICLE,STRAIGHT & LEVEL,DARK-HWY NOT LIGHTED,,,44875.302,FALSE,7772,Accepted
30760196,0568000,LOUISVILLE METRO POLICE DEPT,Accepted,JEFFERSON,,,4TH,ST,S,,GAULBERT,,,,,38.22469059,-85.76213641,2.223,44865,2046,2,1,0,1,RAINING,WET,FALSE,COLLISION WITH BICYCLE IN INTERSECTION,SINGLE VEHICLE,STRAIGHT & LEVEL,DARK-HWY LIGHTED/ON,,,44866.31967,FALSE,5372,Accepted
30736676,0568000,LOUISVILLE METRO POLICE DEPT,Accepted,JEFFERSON,US0150,,BROADWAY,,W,,4TH,,,,,38.24611214,-85.75835882,2.38,44860,0550,2,1,0,1,CLOUDY,WET,FALSE,COLLISION WITH BICYCLE IN INTERSECTION,SINGLE VEHICLE,STRAIGHT & LEVEL,DARK-HWY LIGHTED/ON,,,44860.42154,FALSE,5407,Accepted
30740838,0568000,LOUISVILLE METRO POLICE DEPT,Accepted,JEFFERSON,KY0155,,TAYLORSVILLE,RD,,I 0264,I264 EB EXIT17A OFF RAMP TO KY155 SB,,,,,38.22126967,-85.64888042,14.581,44860,2052,2,1,0,0,CLEAR,DRY,FALSE,COLLISION WITH BICYCLE IN INTERSECTION,SINGLE VEHICLE,STRAIGHT & LEVEL,DARK (UNKNOWN ROADWAY LIGHTING),,,44861.32621,FALSE,5326,Accepted
30726423,0568000,LOUISVILLE METRO POLICE DEPT,Accepted,JEFFERSON,US0042,,MELLWOOD,AVE,,,,,,,,38.25638841,-85.72111234,0.675,44855,1702,2,1,0,0,CLEAR,DRY,FALSE,COLLISION WITH PEDESTRIAN NON - INTERSECTION,SINGLE VEHICLE,STRAIGHT & LEVEL,DAYLIGHT,,,44858.3207,FALSE,5354,Accepted
30726565,0568000,LOUISVILLE METRO POLICE DEPT,Accepted,JEFFERSON,KY1865,,NEW CUT,RD,,,KENWOOD,,,,,38.16161384,-85.77917151,3.775,44855,2235,2,1,0,1,CLEAR,DRY,FALSE,COLLISION WITH BICYCLE IN INTERSECTION,SINGLE VEHICLE,STRAIGHT & LEVEL,DARK-HWY LIGHTED/ON,,,44858.32875,FALSE,5321,Accepted
30765019,0568000,LOUISVILLE METRO POLICE DEPT,Accepted,JEFFERSON,US0031E,,BARDSTOWN,RD,,,,,,,,38.20737147,-85.66823873,11.699,44852,1439,2,1,0,0,CLOUDY,DRY,FALSE,COLLISION WITH PEDESTRIAN NON - INTERSECTION,SINGLE VEHICLE,STRAIGHT & LEVEL,DAYLIGHT,,,44867.31645,FALSE,5415,Accepted
30706759,0568000,LOUISVILLE METRO POLICE DEPT,Accepted,JEFFERSON,KY1931,,ST ANDREWS CHURCH,RD,,,OAKBURN,,,,,38.14637468,-85.83059831,3.697,44852,1458,2,1,0,1,CLEAR,DRY,FALSE,COLLISION WITH BICYCLE IN INTERSECTION,SINGLE VEHICLE,STRAIGHT & LEVEL,DAYLIGHT,,,44853.31614,FALSE,7362,Accepted
30741545,0560400,SHIVELY POLICE DEPARTMENT,Accepted,JEFFERSON,I 0264,,,,,,,,,,,38.18714913,-85.81160536,0.406,44852,1933,2,1,0,1,CLEAR,DRY,FALSE,OTHER RAMP RELATED COLLISIONS NOT LISTED ABOVE,SINGLE VEHICLE,CURVE & LEVEL,DARK-HWY LIGHTED/ON,I 0264,US31W N,44861.442,FALSE,7152,Accepted
30702266,0568000,LOUISVILLE METRO POLICE DEPT,Accepted,JEFFERSON,KY1865,,TAYLOR,BLVD,,,BEECHER,,,,,38.19165548,-85.78324358,5.875,44851,2130,2,1,0,1,CLOUDY,DRY,TRUE,COLLISION WITH BICYCLE IN INTERSECTION,SINGLE VEHICLE,STRAIGHT & LEVEL,DARK-HWY LIGHTED/OFF,,,44852.35395,FALSE,7426,Accepted
30697605,0568000,LOUISVILLE METRO POLICE DEPT,Accepted,JEFFERSON,,,1ST,ST,S,,,,,,,38.23455786,-85.75540145,1.501,44849,1056,2,1,0,1,CLEAR,DRY,FALSE,COLLISION WITH BICYCLIST NON INTERSECTION,SINGLE VEHICLE,STRAIGHT & LEVEL,DAYLIGHT,,,44851.31244,FALSE,5258,Accepted
30688316,0568000,LOUISVILLE METRO POLICE DEPT,Accepted,JEFFERSON,US0042,,MELLWOOD,AVE,,I 0064,I64 W EXIT7 OFF RAMP TO  MELLWOOD AVE,,,,,38.25652919,-85.72094654,0.689,44847,1616,2,1,0,1,CLEAR,DRY,FALSE,COLLISION WITH BICYCLE IN INTERSECTION,SINGLE VEHICLE,STRAIGHT & LEVEL,DAYLIGHT,,,44848.41354,FALSE,7128,Accepted
30667671,0561000,JEFFERSONTOWN POLICE DEPT,Accepted,JEFFERSON,,,STONY BROOK,DR,,,,,,,,38.21668553,-85.59920039,0.15,44843,1818,2,1,0,0,CLEAR,DRY,FALSE,COLLISION WITH BICYCLIST NON INTERSECTION,SINGLE VEHICLE,STRAIGHT & LEVEL,DAYLIGHT,,,44843.96883,FALSE,8265,Accepted
30669307,0568000,LOUISVILLE METRO POLICE DEPT,Accepted,JEFFERSON,,,CHESTNUT,ST,W,,16TH,,,,,38.25112483,-85.77777431,1.271,44842,1110,2,1,0,0,CLEAR,DRY,FALSE,COLLISION WITH BICYCLE IN INTERSECTION,SINGLE VEHICLE,STRAIGHT & LEVEL,DAYLIGHT,,,44844.3418,FALSE,5388,Accepted
30679416,0568000,LOUISVILLE METRO POLICE DEPT,Accepted,JEFFERSON,I 0264,,,,,,,,,,,38.19632097,-85.70773893,0.25,44839,1342,2,1,0,1,CLEAR,DRY,FALSE,OTHER RAMP RELATED COLLISIONS NOT LISTED ABOVE,SINGLE VEHICLE,STRAIGHT & LEVEL,DAYLIGHT,I 0264,KY0864,44846.39156,FALSE,7938,Accepted
30654679,0568000,LOUISVILLE METRO POLICE DEPT,Accepted,JEFFERSON,,,WOLF PEN BRANCH,RD,,US0042,US42,,,,,38.32140597,-85.62223517,0.666,44839,1630,2,1,0,1,CLEAR,DRY,FALSE,COLLISION WITH BICYCLE IN INTERSECTION,SINGLE VEHICLE,STRAIGHT & LEVEL,DAYLIGHT,,,44840.3204,FALSE,7631,Accepted
30650186,0568000,LOUISVILLE METRO POLICE DEPT,Accepted,JEFFERSON,,,LAMPTON,ST,,KY0864,LOGAN,,,,,38.24120989,-85.7387874,0.509,44838,2128,2,1,0,1,CLEAR,DRY,FALSE,COLLISION WITH BICYCLE IN INTERSECTION,SINGLE VEHICLE,STRAIGHT & LEVEL,DARK-HWY LIGHTED/ON,,,44839.3117,FALSE,5372,Accepted
30648167,0560400,SHIVELY POLICE DEPARTMENT,Accepted,JEFFERSON,KY2049,2211,CRUMS,LN,,,,,,,,38.1944999,-85.81306161,1.384,44837,2111,2,1,0,1,CLEAR,DRY,FALSE,COLLISION WITH BICYCLIST NON INTERSECTION,SINGLE VEHICLE,STRAIGHT & LEVEL,DARK-HWY LIGHTED/ON,,,44838.7135,FALSE,7135,Accepted
30674476,0568000,LOUISVILLE METRO POLICE DEPT,Accepted,JEFFERSON,KY2054,,ALGONQUIN,PKWY,,KY1934,CANE RUN,,,,,38.22442168,-85.80930268,0.718,44835,1000,2,1,0,1,CLEAR,DRY,FALSE,COLLISION WITH BICYCLE IN INTERSECTION,SINGLE VEHICLE,STRAIGHT & LEVEL,DAYLIGHT,,,44845.31174,FALSE,5181,Accepted
30654692,0568000,LOUISVILLE METRO POLICE DEPT,Accepted,JEFFERSON,KY1065,2200,OUTER,LOOP,,,,,,,,38.13265984,-85.72616727,3.819,44832,0529,2,1,0,1,CLEAR,DRY,FALSE,COLLISION WITH BICYCLIST NON INTERSECTION,SINGLE VEHICLE,STRAIGHT & LEVEL,DARK (UNKNOWN ROADWAY LIGHTING),,,44840.32116,FALSE,5410,Accepted
30616192,0568000,LOUISVILLE METRO POLICE DEPT,Accepted,JEFFERSON,,10502,KEYS FERRY,RD,,,,,,,,38.10157274,-85.77190433,1.01,44830,2023,2,1,0,0,CLEAR,DRY,TRUE,COLLISION WITH BICYCLIST NON INTERSECTION,SINGLE VEHICLE,STRAIGHT & LEVEL,DARK-HWY LIGHTED/ON,,,44831.3453,FALSE,5209,Accepted
30611302,0568000,LOUISVILLE METRO POLICE DEPT,Accepted,JEFFERSON,,,JEFFERSON,ST,E,,FLOYD,,,,,38.25286861,-85.74840008,0.846,44829,0013,2,1,0,1,CLEAR,DRY,FALSE,COLLISION WITH BICYCLE IN INTERSECTION,SINGLE VEHICLE,STRAIGHT & LEVEL,DARK-HWY LIGHTED/ON,,,44830.3652,FALSE,5318,Accepted
30595744,0568000,LOUISVILLE METRO POLICE DEPT,Accepted,JEFFERSON,,,32ND,ST,S,,KENTUCKY,,,,,38.24420417,-85.80596595,1.215,44825,1218,2,1,0,1,CLEAR,DRY,TRUE,COLLISION WITH BICYCLE IN INTERSECTION,SINGLE VEHICLE,STRAIGHT & LEVEL,DAYLIGHT,,,44826.34684,FALSE,5280,Accepted
30595786,0568000,LOUISVILLE METRO POLICE DEPT,Accepted,JEFFERSON,,,LINDBERGH,DR,,KY2054,ALGONQUIN,,,,,38.21591486,-85.77434257,0.001,44825,2000,2,1,0,1,CLEAR,DRY,FALSE,COLLISION WITH BICYCLE IN INTERSECTION,SINGLE VEHICLE,STRAIGHT & LEVEL,DUSK,,,44826.34954,FALSE,5420,Accepted
30600942,0568000,LOUISVILLE METRO POLICE DEPT,Accepted,JEFFERSON,US0031W,13210,DIXIE,HWY,,,,,,,,38.0638448,-85.88588342,5.404,44825,1618,2,1,0,0,CLEAR,DRY,FALSE,COLLISION WITH BICYCLIST NON INTERSECTION,SINGLE VEHICLE,STRAIGHT & LEVEL,DAYLIGHT,,,44827.34813,FALSE,7685,Accepted
30586041,0568000,LOUISVILLE METRO POLICE DEPT,Accepted,JEFFERSON,,,SOUTHERN,PKWY,,,AUBURNDALE,,,,,38.17361197,-85.77611101,0.724,44823,1130,6,1,0,0,CLEAR,DRY,FALSE,COLLISION WITH BICYCLE IN INTERSECTION,SINGLE VEHICLE,STRAIGHT & LEVEL,DAYLIGHT,,,44824.35086,FALSE,5459,Accepted
30611195,0568000,LOUISVILLE METRO POLICE DEPT,Accepted,JEFFERSON,,,SHERRIN,AVE,S,,GRANDVIEW,,,,,38.25067743,-85.64799286,0.142,44820,1923,2,1,0,0,CLEAR,DRY,FALSE,COLLISION WITH BICYCLE IN INTERSECTION,SINGLE VEHICLE,STRAIGHT & LEVEL,DAYLIGHT,,,44830.36124,FALSE,7483,Accepted
30580881,0568000,LOUISVILLE METRO POLICE DEPT,Accepted,JEFFERSON,,,SCENIC,LOOP,,,,,BARNEY,,BONNYCASTLE,38.23864099,-85.69624254,0.85,44820,1626,2,1,0,1,CLOUDY,DRY,FALSE,COLLISION WITH BICYCLIST NON INTERSECTION,SINGLE VEHICLE,CURVE & GRADE,DAYLIGHT,,,44823.36799,FALSE,7960,Accepted
30571070,0568000,LOUISVILLE METRO POLICE DEPT,Accepted,JEFFERSON,,,HILL,ST,W,KY1020,2ND,,,,,38.22562765,-85.75860097,0.09,44819,1344,2,1,0,1,CLEAR,DRY,FALSE,COLLISION WITH BICYCLE IN INTERSECTION,SINGLE VEHICLE,STRAIGHT & LEVEL,DAYLIGHT,,,44820.36342,FALSE,5186,Accepted
30581317,0560400,SHIVELY POLICE DEPARTMENT,Accepted,JEFFERSON,US0031W,2401,DIXIE,HWY,,,,,,,,38.21598018,-85.79544251,17.127,44819,1644,2,1,0,0,CLEAR,DRY,FALSE,COLLISION WITH BICYCLIST NON INTERSECTION,SINGLE VEHICLE,STRAIGHT & LEVEL,DAYLIGHT,,,44823.41437,FALSE,7105,Accepted
30580844,0568000,LOUISVILLE METRO POLICE DEPT,Accepted,JEFFERSON,,,FRANKFORT,AVE,,,,,,,,38.26017755,-85.7225867,0.087,44817,0803,2,1,0,1,CLEAR,DRY,FALSE,COLLISION WITH BICYCLIST NON INTERSECTION,SINGLE VEHICLE,STRAIGHT & LEVEL,DAYLIGHT,,,44823.36661,FALSE,2738,Accepted
30551077,0568000,LOUISVILLE METRO POLICE DEPT,Accepted,JEFFERSON,,,HILL,ST,W,,1ST,,,,,38.22547267,-85.75695594,0.001,44815,2020,2,1,0,1,RAINING,WET,FALSE,COLLISION WITH BICYCLE IN INTERSECTION,SINGLE VEHICLE,STRAIGHT & LEVEL,DARK-HWY LIGHTED/ON,,,44816.37395,FALSE,5372,Accepted
30560897,0568000,LOUISVILLE METRO POLICE DEPT,Accepted,JEFFERSON,,,NORRIS,PL,,,DEERWOOD,,,,,38.22698007,-85.70841093,0.393,44815,1930,2,1,0,1,CLEAR,DRY,FALSE,COLLISION WITH BICYCLE IN INTERSECTION,SINGLE VEHICLE,STRAIGHT & HILLCREST,DAWN,,,44818.34747,FALSE,5327,Accepted
30537112,0561500,UNIV. OF LOUISVILLE POLICE,Accepted,JEFFERSON,,,5TH,ST,S,,LEE,,,,,38.22358663,-85.76401466,2.338,44811,1115,1,0,0,1,CLEAR,DRY,TRUE,ANGLE COLLISION - OTHER,ANGLE,STRAIGHT & GRADE,DAYLIGHT,,,44812.43965,FALSE,5717,Accepted
30521655,0560400,SHIVELY POLICE DEPARTMENT,Accepted,JEFFERSON,KY2051,2300B,ROCKFORD,LN,,,,,QUINN,,DUANE,38.1762627,-85.83945505,0.899,44808,1959,2,1,0,1,CLEAR,DRY,FALSE,COLLISION WITH BICYCLIST NON INTERSECTION,SINGLE VEHICLE,STRAIGHT & LEVEL,DUSK,,,44809.22733,FALSE,7137,Accepted
30519484,0560300,ST. MATTHEWS POLICE DEPARTMENT,Accepted,JEFFERSON,KY1932,100,CHENOWETH,LN,,,,,,,,38.25336532,-85.65575276,5.566,44807,1240,2,1,0,0,CLOUDY,DRY,FALSE,COLLISION WITH BICYCLIST NON INTERSECTION,SINGLE VEHICLE,STRAIGHT & LEVEL,DAYLIGHT,,,44808.54729,FALSE,9155,Accepted
30512587,0568000,LOUISVILLE METRO POLICE DEPT,Accepted,JEFFERSON,KY1934,,CANE RUN,RD,,,TEAKWOOD,,,,,38.18740975,-85.85163448,8.043,44805,1807,2,1,0,1,CLEAR,DRY,TRUE,COLLISION WITH BICYCLE IN INTERSECTION,SINGLE VEHICLE,STRAIGHT & LEVEL,DAYLIGHT,,,44806.30098,FALSE,5208,Accepted
30496921,0568000,LOUISVILLE METRO POLICE DEPT,Accepted,JEFFERSON,,,DAVIES,AVE,,,7TH,,,,,38.22416429,-85.77102265,0.007,44797,1654,2,1,0,0,CLEAR,DRY,FALSE,COLLISION WITH BICYCLE IN INTERSECTION,SINGLE VEHICLE,STRAIGHT & LEVEL,DAYLIGHT,,,44803.33694,FALSE,5287,Accepted
30491757,0568000,LOUISVILLE METRO POLICE DEPT,Accepted,JEFFERSON,,,JUDGE,BLVD,,KY1065,OUTER,,,,,38.13767043,-85.66949115,0.001,44796,1600,2,1,0,1,CLOUDY,DRY,FALSE,COLLISION WITH BICYCLE IN INTERSECTION,SINGLE VEHICLE,STRAIGHT & LEVEL,DAYLIGHT,,,44802.34474,FALSE,2583,Accepted
30451130,0568000,LOUISVILLE METRO POLICE DEPT,Accepted,JEFFERSON,KY0061,,PRESTON,HWY,,,COOPER,,,,,38.1200752,-85.6778363,2.597,44791,2258,2,1,0,0,CLEAR,DRY,FALSE,COLLISION WITH BICYCLE IN INTERSECTION,SINGLE VEHICLE,STRAIGHT & LEVEL,DARK-HWY NOT LIGHTED,,,44792.30424,FALSE,5314,Accepted
30446513,0568000,LOUISVILLE METRO POLICE DEPT,Accepted,JEFFERSON,KY2048,,CANNONS,LN,,,GAST,,,,,38.22415874,-85.65468992,0.227,44790,1446,2,1,0,1,CLEAR,DRY,FALSE,COLLISION WITH BICYCLE IN INTERSECTION,SINGLE VEHICLE,STRAIGHT & LEVEL,DAYLIGHT,,,44791.33992,FALSE,6813,Accepted
30451125,0568000,LOUISVILLE METRO POLICE DEPT,Accepted,JEFFERSON,KY0864,,CAMPBELL,ST,S,US0150,BROADWAY,,,,,38.24453346,-85.73747891,15.437,44787,1845,2,1,0,0,CLEAR,DRY,FALSE,COLLISION WITH BICYCLE IN INTERSECTION,SINGLE VEHICLE,STRAIGHT & LEVEL,DAYLIGHT,,,44792.30397,FALSE,7454,Accepted
30431738,0568000,LOUISVILLE METRO POLICE DEPT,Accepted,JEFFERSON,,,31ST,ST,N,KY3082,BANK,,,,,38.27219212,-85.79890025,0.001,44786,1510,2,1,0,1,CLEAR,DRY,FALSE,COLLISION WITH BICYCLE IN INTERSECTION,SINGLE VEHICLE,STRAIGHT & LEVEL,DAYLIGHT,,,44788.3616,FALSE,7220,Accepted
30421072,0568000,LOUISVILLE METRO POLICE DEPT,Accepted,JEFFERSON,,1100B,HOMEVIEW,DR,,,,,,,,38.20508533,-85.77826683,0.263,44784,1531,2,1,0,1,CLEAR,DRY,TRUE,COLLISION WITH BICYCLIST NON INTERSECTION,SINGLE VEHICLE,STRAIGHT & LEVEL,DAYLIGHT,,,44785.33961,FALSE,7398,Accepted
30431672,0568000,LOUISVILLE METRO POLICE DEPT,Accepted,JEFFERSON,KY0864,,CAMPBELL,ST,S,,,US0150,BROADWAY,KY0864,GRAY,38.24461282,-85.73751419,15.432,44781,0755,2,1,0,1,CLEAR,DRY,FALSE,COLLISION WITH BICYCLIST NON INTERSECTION,SINGLE VEHICLE,STRAIGHT & LEVEL,DAYLIGHT,,,44788.35775,FALSE,2041,Accepted
30400763,0568000,LOUISVILLE METRO POLICE DEPT,Accepted,JEFFERSON,KY1020,,2ND,ST,S,,LIBERTY,,,,,38.2526956,-85.75384712,12.572,44778,1604,2,1,0,1,CLOUDY,DRY,FALSE,COLLISION WITH BICYCLE IN INTERSECTION,SINGLE VEHICLE,STRAIGHT & LEVEL,DAYLIGHT,,,44781.35498,FALSE,5173,Accepted
30371903,0568000,LOUISVILLE METRO POLICE DEPT,Accepted,JEFFERSON,,805,SINCLAIR,ST,,,,,,,,38.12149624,-85.74941859,0.063,44773,1951,2,1,0,1,CLEAR,DRY,TRUE,COLLISION WITH BICYCLIST NON INTERSECTION,SINGLE VEHICLE,STRAIGHT & LEVEL,DAYLIGHT,,,44774.35517,FALSE,7115,Accepted
30371862,0568000,LOUISVILLE METRO POLICE DEPT,Accepted,JEFFERSON,,,OLD BILLTOWN,RD,,,,,,,,38.17061616,-85.57309585,0.049,44772,1551,2,1,0,1,CLEAR,DRY,FALSE,COLLISION WITH BICYCLIST NON INTERSECTION,SINGLE VEHICLE,CURVE & LEVEL,DAYLIGHT,,,44774.35267,FALSE,5430,Accepted
30371823,0568000,LOUISVILLE METRO POLICE DEPT,Accepted,JEFFERSON,,,CARLISLE,AVE,,,WOODRUFF,,,,,38.19421486,-85.78450292,0.42,44771,1544,2,1,0,1,CLEAR,DRY,TRUE,COLLISION WITH BICYCLE IN INTERSECTION,SINGLE VEHICLE,STRAIGHT & LEVEL,DAYLIGHT,,,44774.35069,FALSE,5131,Accepted
30348959,0568000,LOUISVILLE METRO POLICE DEPT,Accepted,JEFFERSON,,,GREENWOOD,AVE,,,36TH,,,,,38.24343184,-85.81283366,1.033,44768,0115,2,1,0,1,CLEAR,DRY,TRUE,COLLISION WITH BICYCLE IN INTERSECTION,SINGLE VEHICLE,CURVE & LEVEL,DARK-HWY LIGHTED/ON,,,44768.34684,FALSE,5437,Accepted
30348939,0568000,LOUISVILLE METRO POLICE DEPT,Accepted,JEFFERSON,KY2052,7000,SHEPHERDSVILLE,RD,,,,,,,,38.14675389,-85.66003978,0.535,44767,1326,2,1,0,1,CLOUDY,DRY,TRUE,COLLISION WITH BICYCLIST NON INTERSECTION,SINGLE VEHICLE,STRAIGHT & LEVEL,DAYLIGHT,,,44768.34581,FALSE,2017,Accepted
30343991,0568000,LOUISVILLE METRO POLICE DEPT,Accepted,JEFFERSON,US0031W,,DIXIE,HWY,,,BETHANY,,,,,38.09533761,-85.87407089,7.697,44764,1708,2,1,0,1,CLEAR,DRY,TRUE,COLLISION WITH BICYCLE IN INTERSECTION,SINGLE VEHICLE,STRAIGHT & LEVEL,DAYLIGHT,,,44767.38768,FALSE,7205,Accepted
30343972,0568000,LOUISVILLE METRO POLICE DEPT,Accepted,JEFFERSON,,,JUDGE,BLVD,,KY1065,OUTER,,,,,38.13767189,-85.66948063,,44764,0934,2,1,0,0,CLEAR,DRY,FALSE,COLLISION WITH PEDESTRIAN IN INTERSECTION,SINGLE VEHICLE,STRAIGHT & LEVEL,DAYLIGHT,,,44767.38668,FALSE,2017,Accepted
30333695,0568000,LOUISVILLE METRO POLICE DEPT,Accepted,JEFFERSON,,,OAKBROOK,DR,,,FALLEN OAK,,,,,38.30979817,-85.53217694,0.295,44763,1238,2,1,0,1,CLEAR,DRY,FALSE,COLLISION WITH BICYCLE IN INTERSECTION,SINGLE VEHICLE,STRAIGHT & LEVEL,DAYLIGHT,,,44764.35587,FALSE,7876,Accepted
30329288,0568000,LOUISVILLE METRO POLICE DEPT,Accepted,JEFFERSON,KY1865,5458,NEW CUT,RD,,,,,,,,38.14641669,-85.7753837,2.709,44762,1219,2,1,0,0,CLEAR,DRY,FALSE,COLLISION WITH BICYCLIST NON INTERSECTION,SINGLE VEHICLE,STRAIGHT & LEVEL,DAYLIGHT,,,44763.33998,FALSE,5438,Accepted
30324175,0568000,LOUISVILLE METRO POLICE DEPT,Accepted,JEFFERSON,,,RODMAN,ST,,,COMPTON,,,,,38.21391131,-85.76908869,0.532,44761,1655,2,1,0,1,CLEAR,DRY,FALSE,COLLISION WITH BICYCLE IN INTERSECTION,SINGLE VEHICLE,STRAIGHT & LEVEL,DAYLIGHT,,,44762.3458,FALSE,7872,Accepted
30324179,0568000,LOUISVILLE METRO POLICE DEPT,Accepted,JEFFERSON,KY1020,,SOUTHERN,PKWY,,,FAIRMONT,,,,,38.19538047,-85.76681587,8.763,44761,1800,2,1,0,0,CLEAR,DRY,FALSE,COLLISION WITH BICYCLE IN INTERSECTION,SINGLE VEHICLE,STRAIGHT & LEVEL,DAYLIGHT,,,44762.34614,FALSE,7872,Accepted
30343974,0568000,LOUISVILLE METRO POLICE DEPT,Accepted,JEFFERSON,,,JEFFERSON,ST,E,,BROOK,,,,,38.25318826,-85.75031273,0.953,44761,1600,2,1,0,2,CLEAR,DRY,FALSE,COLLISION WITH BICYCLE IN INTERSECTION,SINGLE VEHICLE,STRAIGHT & LEVEL,DAYLIGHT,,,44767.38679,FALSE,6360,Accepted
30318974,0568000,LOUISVILLE METRO POLICE DEPT,Accepted,JEFFERSON,KY0061,,JACKSON,ST,S,US0150,BROADWAY,,,,,38.24513555,-85.74563044,12.286,44760,1228,2,1,0,1,CLOUDY,DRY,TRUE,COLLISION WITH BICYCLE IN INTERSECTION,SINGLE VEHICLE,STRAIGHT & LEVEL,DAYLIGHT,,,44761.33948,FALSE,7058,Accepted
30314522,0568000,LOUISVILLE METRO POLICE DEPT,Accepted,JEFFERSON,,4731,3RD,ST,S,,,,,,,38.18115045,-85.76631558,1.347,44759,2116,2,1,0,1,CLEAR,DRY,FALSE,COLLISION WITH BICYCLIST NON INTERSECTION,SINGLE VEHICLE,STRAIGHT & LEVEL,DARK-HWY LIGHTED/ON,,,44760.37083,FALSE,5405,Accepted
30314529,0568000,LOUISVILLE METRO POLICE DEPT,Accepted,JEFFERSON,US0150,,22ND,ST,N,,,,PORTLAND,,LYTLE,38.26813425,-85.78267278,0.142,44759,2210,2,1,0,1,CLOUDY,DRY,FALSE,COLLISION WITH BICYCLIST NON INTERSECTION,SINGLE VEHICLE,STRAIGHT & LEVEL,DARK-HWY LIGHTED/ON,,,44760.37103,FALSE,5275,Accepted
30333699,0568000,LOUISVILLE METRO POLICE DEPT,Accepted,JEFFERSON,KY1727,,TERRY,RD,,,RIVER POINTE,,,,,38.15033382,-85.86990369,1.999,44759,0228,5,4,1,0,CLOUDY,DRY,TRUE,COLLISION WITH BICYCLE IN INTERSECTION,HEAD ON,STRAIGHT & LEVEL,DARK-HWY NOT LIGHTED,,,44764.35608,FALSE,2308,Accepted
30314410,0568000,LOUISVILLE METRO POLICE DEPT,Accepted,JEFFERSON,,,5TH,ST,S,,FLORENCE,,,,,38.19109379,-85.7682698,1.075,44758,0530,2,1,0,1,CLOUDY,DRY,TRUE,COLLISION WITH BICYCLE IN INTERSECTION,SINGLE VEHICLE,STRAIGHT & LEVEL,DARK-HWY LIGHTED/ON,,,44760.36732,FALSE,7426,Accepted
30314430,0568000,LOUISVILLE METRO POLICE DEPT,Accepted,JEFFERSON,,8600B,DEVONSHIRE,DR,,,,,,,,38.12759074,-85.8687085,0.257,44758,1847,2,1,0,1,CLEAR,DRY,FALSE,COLLISION WITH BICYCLIST NON INTERSECTION,SINGLE VEHICLE,STRAIGHT & LEVEL,DAYLIGHT,,,44760.3681,FALSE,7485,Accepted
30324154,0568000,LOUISVILLE METRO POLICE DEPT,Accepted,JEFFERSON,,,KENTUCKY,ST,W,,,,,,,38.24007811,-85.7644645,3.258,44756,0520,2,1,0,0,CLEAR,DRY,FALSE,COLLISION WITH BICYCLIST NON INTERSECTION,SINGLE VEHICLE,STRAIGHT & LEVEL,DAYLIGHT,,,44762.34405,FALSE,5258,Accepted
30300491,0568000,LOUISVILLE METRO POLICE DEPT,Accepted,JEFFERSON,KY0061,,PRESTON,HWY,,,GILMORE,,,,,38.17463099,-85.71274435,6.88,44755,1415,2,1,0,1,CLOUDY,DRY,FALSE,COLLISION WITH BICYCLE IN INTERSECTION,SINGLE VEHICLE,STRAIGHT & LEVEL,DAYLIGHT,,,44756.35128,FALSE,4693,Accepted
30297749,0560300,ST. MATTHEWS POLICE DEPARTMENT,Accepted,JEFFERSON,,,BAUER,AVE,,,WILMINGTON,,,,,38.25046956,-85.6599161,0.241,44755,1053,2,1,0,1,CLEAR,DRY,FALSE,COLLISION WITH BICYCLE IN INTERSECTION,SINGLE VEHICLE,STRAIGHT & LEVEL,DAYLIGHT,,,44755.6541,FALSE,9140,Accepted
30287360,0568000,LOUISVILLE METRO POLICE DEPT,Accepted,JEFFERSON,US0031W,,22ND,ST,S,,STANDARD,,,,,38.23171891,-85.79180587,18.265,44751,0316,2,1,0,1,CLEAR,DRY,FALSE,COLLISION WITH BICYCLE IN INTERSECTION,SINGLE VEHICLE,STRAIGHT & LEVEL,DARK-HWY LIGHTED/ON,,,44753.3458,FALSE,5412,Accepted
30268123,0568000,LOUISVILLE METRO POLICE DEPT,Accepted,JEFFERSON,US0031W,,DIXIE,HWY,,,KERRICK,,,,,38.15339463,-85.83592481,12.273,44747,1412,2,1,0,1,CLEAR,DRY,FALSE,COLLISION WITH BICYCLE IN INTERSECTION,SINGLE VEHICLE,STRAIGHT & LEVEL,DAYLIGHT,,,44748.33954,FALSE,5211,Accepted
30263215,0568000,LOUISVILLE METRO POLICE DEPT,Accepted,JEFFERSON,KY0907,,VALLEY STATION,RD,,,,,,,,38.10679255,-85.8643413,0.142,44743,2011,2,1,0,0,CLEAR,DRY,TRUE,COLLISION WITH BICYCLIST NON INTERSECTION,SINGLE VEHICLE,STRAIGHT & LEVEL,DAYLIGHT,,,44747.35975,FALSE,7264,Accepted
30263168,0568000,LOUISVILLE METRO POLICE DEPT,Accepted,JEFFERSON,KY0864,,POPLAR LEVEL,RD,,,,,,,,38.19159858,-85.70528129,11.009,44742,2356,1,0,0,1,CLEAR,DRY,FALSE,OTHER ROADWAY OR MID-BLOCK COLLISION,SINGLE VEHICLE,STRAIGHT & LEVEL,DARK-HWY LIGHTED/ON,,,44747.35684,FALSE,5317,Accepted
30235686,0560400,SHIVELY POLICE DEPARTMENT,Accepted,JEFFERSON,KY2051,2400B,ROCKFORD,LN,,,,,,,,38.17646922,-85.84291334,1.087,44740,0111,2,1,0,1,CLEAR,DRY,FALSE,COLLISION WITH BICYCLIST NON INTERSECTION,SINGLE VEHICLE,STRAIGHT & LEVEL,DARK-HWY LIGHTED/OFF,,,44740.22418,FALSE,7131,Accepted
30329282,0568000,LOUISVILLE METRO POLICE DEPT,Accepted,JEFFERSON,US0031W,,,,,,,,US31W RAMP FROM KY841,,US31W,38.09328054,-85.87415593,0.248,44739,1659,2,1,1,0,CLEAR,DRY,FALSE,COLLISION WITH BICYCLIST NON INTERSECTION,SINGLE VEHICLE,CURVE & LEVEL,DAYLIGHT,,,44763.33972,FALSE,2217,Accepted
30243970,0560400,SHIVELY POLICE DEPARTMENT,Accepted,JEFFERSON,,,SAN JOSE,AVE,,,,,,,,38.17799335,-85.81933287,0.617,44737,0305,2,1,0,0,CLEAR,DRY,TRUE,COLLISION WITH BICYCLIST NON INTERSECTION,SINGLE VEHICLE,STRAIGHT & LEVEL,DARK-HWY LIGHTED/ON,,,44741.97229,FALSE,7123,Accepted
30231747,0568000,LOUISVILLE METRO POLICE DEPT,Accepted,JEFFERSON,KY1020,,SOUTHERN,PKWY,,,LANSING,,,,,38.19251403,-85.76673284,8.577,44736,1334,2,1,0,1,CLEAR,DRY,FALSE,COLLISION WITH BICYCLE IN INTERSECTION,SINGLE VEHICLE,STRAIGHT & LEVEL,DAYLIGHT,,,44739.35103,FALSE,7398,Accepted
30236176,0568000,LOUISVILLE METRO POLICE DEPT,Accepted,JEFFERSON,,2819,RODMAN,ST,,,,,,,,38.20870017,-85.77000137,0.208,44734,1442,2,1,0,1,CLEAR,DRY,TRUE,COLLISION WITH BICYCLIST NON INTERSECTION,SINGLE VEHICLE,STRAIGHT & LEVEL,DAYLIGHT,,,44740.33901,FALSE,5433,Accepted
30212816,0568000,LOUISVILLE METRO POLICE DEPT,Accepted,JEFFERSON,KY1020,,2ND,ST,S,,MAGNOLIA,,,,,38.22878845,-85.75804207,10.911,44733,0803,2,1,0,1,CLEAR,DRY,TRUE,COLLISION WITH BICYCLE IN INTERSECTION,SINGLE VEHICLE,STRAIGHT & LEVEL,DAYLIGHT,,,44734.3412,FALSE,7132,Accepted
30204176,0568000,LOUISVILLE METRO POLICE DEPT,Accepted,JEFFERSON,,10015,MITCHELL HILL,RD,,,,,,,,38.10470615,-85.75978163,0.06,44730,1901,2,1,0,1,CLEAR,DRY,FALSE,COLLISION WITH BICYCLIST NON INTERSECTION,SINGLE VEHICLE,STRAIGHT & LEVEL,DAYLIGHT,,,44732.43027,FALSE,7485,Accepted
30204156,0568000,LOUISVILLE METRO POLICE DEPT,Accepted,JEFFERSON,,,WITHERSPOON,ST,E,,CLAY,,,,,38.25791648,-85.73947108,0.648,44730,1143,2,1,0,1,CLEAR,DRY,TRUE,COLLISION WITH BICYCLE IN INTERSECTION,SINGLE VEHICLE,STRAIGHT & LEVEL,DAYLIGHT,,,44732.4293,FALSE,7229,Accepted
30133539,0568000,LOUISVILLE METRO POLICE DEPT,Accepted,JEFFERSON,KY0061,,PRESTON,HWY,,,HESS,,,,,38.20496994,-85.73627721,9.332,44713,1326,2,1,0,1,CLOUDY,DRY,FALSE,COLLISION WITH BICYCLE IN INTERSECTION,SINGLE VEHICLE,STRAIGHT & LEVEL,DAYLIGHT,,,44714.34602,FALSE,4693,Accepted
30117729,0560300,ST. MATTHEWS POLICE DEPARTMENT,Accepted,JEFFERSON,,,BAUER,AVE,,US0060,FRANKFORT,,,,,38.25347903,-85.66216154,0.002,44710,1940,2,1,0,0,CLEAR,DRY,TRUE,COLLISION WITH BICYCLE IN INTERSECTION,SINGLE VEHICLE,STRAIGHT & LEVEL,DAYLIGHT,,,44710.99863,FALSE,9187,Accepted
30118902,0568000,LOUISVILLE METRO POLICE DEPT,Accepted,JEFFERSON,,,MUHAMMAD ALI,BLVD,W,KY1020,2ND,,,,,38.25083071,-85.75424986,0.088,44710,1239,2,1,0,0,CLEAR,DRY,FALSE,COLLISION WITH BICYCLE IN INTERSECTION,SINGLE VEHICLE,STRAIGHT & LEVEL,DAYLIGHT,,,44711.36615,FALSE,7216,Accepted
30081859,0568000,LOUISVILLE METRO POLICE DEPT,Accepted,JEFFERSON,,1014,BRECKINRIDGE,ST,E,,,,,,,38.23940478,-85.73561168,0.584,44700,0922,2,1,0,0,CLEAR,DRY,FALSE,COLLISION WITH BICYCLIST NON INTERSECTION,SINGLE VEHICLE,STRAIGHT & LEVEL,DAYLIGHT,,,44701.38925,FALSE,7833,Accepted
30073063,0568000,LOUISVILLE METRO POLICE DEPT,Accepted,JEFFERSON,,,PAGES,LN,E,,,,,,,38.11700138,-85.83544687,1.176,44698,1735,1,0,0,1,CLEAR,DRY,TRUE,1 VEHICLE ENTERING/LEAVING ENTRANCE,ANGLE,STRAIGHT & LEVEL,DAYLIGHT,,,44699.34579,FALSE,7174,Accepted
30068306,0568000,LOUISVILLE METRO POLICE DEPT,Accepted,JEFFERSON,,6620,SIX MILE,LN,,,,,,,,38.19758974,-85.62756636,1.453,44697,1452,2,1,0,1,CLEAR,DRY,FALSE,COLLISION WITH BICYCLIST NON INTERSECTION,SINGLE VEHICLE,STRAIGHT & LEVEL,DAYLIGHT,,,44698.32718,FALSE,5286,Accepted
30063542,0568000,LOUISVILLE METRO POLICE DEPT,Accepted,JEFFERSON,,,BASHFORD MANOR,LN,,US0031E,BARDSTOWN,,,,,38.2029561,-85.66438522,,44694,1429,2,1,0,0,CLEAR,DRY,FALSE,COLLISION WITH BICYCLE IN INTERSECTION,SINGLE VEHICLE,STRAIGHT & LEVEL,DAYLIGHT,,,44697.35198,FALSE,5247,Accepted
30054063,0568000,LOUISVILLE METRO POLICE DEPT,Accepted,JEFFERSON,,,BARRET,AVE,,,HIGHLAND,,,,,38.23777399,-85.72924781,0.84,44693,2219,2,1,0,1,CLEAR,DRY,FALSE,COLLISION WITH BICYCLE IN INTERSECTION,SINGLE VEHICLE,STRAIGHT & LEVEL,DARK-HWY LIGHTED/ON,,,44694.35316,FALSE,5402,Accepted
30034309,0568000,LOUISVILLE METRO POLICE DEPT,Accepted,JEFFERSON,,3520,CHAMBERLAIN,LN,,,,,,,,38.28957018,-85.53423046,1.291,44689,1452,2,1,0,1,CLEAR,DRY,TRUE,COLLISION WITH BICYCLIST NON INTERSECTION,SINGLE VEHICLE,STRAIGHT & LEVEL,DAYLIGHT,,,44690.35696,FALSE,7111,Accepted
30082099,0568000,LOUISVILLE METRO POLICE DEPT,Accepted,JEFFERSON,US0150,500 BLOCK,BROADWAY,,E,,,,,,,38.24511956,-85.74509129,3.057,44687,1351,2,1,0,1,CLOUDY,DRY,FALSE,COLLISION WITH BICYCLIST NON INTERSECTION,SINGLE VEHICLE,STRAIGHT & LEVEL,DAYLIGHT,,,44701.39037,FALSE,5338,Accepted
29988824,0568000,LOUISVILLE METRO POLICE DEPT,Accepted,JEFFERSON,,,MAPLE,RD,,,FORSYTHIA,,,,,38.10955038,-85.64609138,0.677,44677,1310,2,1,0,1,CLEAR,DRY,FALSE,COLLISION WITH BICYCLE IN INTERSECTION,SINGLE VEHICLE,STRAIGHT & LEVEL,DAYLIGHT,,,44678.34684,FALSE,2017,Accepted
29979928,0568000,LOUISVILLE METRO POLICE DEPT,Accepted,JEFFERSON,,,ZORN,AVE,,I 0071,I71 S EXIT2 ON RAMP FROM  ZORN AVE,,,,,38.27522185,-85.69768777,1.584,44675,1947,2,1,0,1,CLEAR,DRY,FALSE,COLLISION WITH BICYCLE IN INTERSECTION,SINGLE VEHICLE,STRAIGHT & LEVEL,DAYLIGHT,,,44676.35021,FALSE,5029,Accepted
29979884,0568000,LOUISVILLE METRO POLICE DEPT,Accepted,JEFFERSON,,,OAK,ST,W,,4TH,,,,,38.23514118,-85.7614597,0.335,44674,2100,2,1,0,1,CLEAR,DRY,TRUE,COLLISION WITH BICYCLE IN INTERSECTION,SINGLE VEHICLE,STRAIGHT & LEVEL,DARK-HWY LIGHTED/ON,,,44676.34866,FALSE,5267,Accepted
29988817,0568000,LOUISVILLE METRO POLICE DEPT,Accepted,JEFFERSON,KY0155,,TAYLORSVILLE,RD,,I 0264,I264 W EXIT17A OFF RAMP TO KY155 S,,,,,38.22159715,-85.65281677,14.795,44672,1500,2,1,0,1,CLOUDY,DRY,FALSE,OTHER INTERSECTION COLLISIONS,SINGLE VEHICLE,STRAIGHT & LEVEL,DAYLIGHT,,,44678.34655,FALSE,7793,Accepted
29936710,0568000,LOUISVILLE METRO POLICE DEPT,Accepted,JEFFERSON,KY0864,,SHELBY,ST,S,,OAK,,,,,38.23339039,-85.74145932,14.703,44664,1954,2,1,0,0,RAINING,WET,FALSE,OTHER INTERSECTION COLLISIONS,SINGLE VEHICLE,STRAIGHT & LEVEL,DARK-HWY LIGHTED/ON,,,44665.35808,FALSE,5304,Accepted
29896244,0568000,LOUISVILLE METRO POLICE DEPT,Accepted,JEFFERSON,,,RICHLAND,AVE,,,BERKSHIRE,,,,,38.22425099,-85.62913892,0.316,44652,2015,2,1,0,1,CLEAR,DRY,TRUE,COLLISION WITH BICYCLE IN INTERSECTION,SINGLE VEHICLE,STRAIGHT & LEVEL,DUSK,,,44655.35462,FALSE,5332,Accepted
29869123,0568000,LOUISVILLE METRO POLICE DEPT,Accepted,JEFFERSON,,,ORMSBY,AVE,E,,,,,,,38.23172682,-85.75413174,0.087,44645,1034,2,1,0,0,CLEAR,DRY,FALSE,COLLISION WITH BICYCLIST NON INTERSECTION,SINGLE VEHICLE,STRAIGHT & LEVEL,DAYLIGHT,,,44648.36472,FALSE,7495,Accepted
29878268,0568000,LOUISVILLE METRO POLICE DEPT,Accepted,JEFFERSON,,3100,ROCK CREEK,DR,,,,,,,,38.24503207,-85.66465784,0.062,44644,1200,2,1,0,0,CLEAR,DRY,FALSE,COLLISION WITH BICYCLIST NON INTERSECTION,SINGLE VEHICLE,STRAIGHT & LEVEL,DAYLIGHT,,,44650.34357,FALSE,2738,Accepted
29802321,0568000,LOUISVILLE METRO POLICE DEPT,Accepted,JEFFERSON,KY0907,,3RD ST,RD,,KY1865,NEW CUT,,,,,38.14580943,-85.77526983,6.309,44630,2145,2,1,0,1,CLEAR,DRY,FALSE,COLLISION WITH PEDESTRIAN IN INTERSECTION,SINGLE VEHICLE,STRAIGHT & LEVEL,DARK-HWY LIGHTED/ON,,,44631.30436,FALSE,5048,Accepted
29793219,0568000,LOUISVILLE METRO POLICE DEPT,Accepted,JEFFERSON,KY0864,,SHELBY,ST,S,,OAK,,,,,38.23340083,-85.74146641,14.702,44628,2055,2,1,0,1,CLOUDY,DRY,TRUE,OTHER INTERSECTION COLLISIONS,SINGLE VEHICLE,CURVE & LEVEL,DARK-HWY NOT LIGHTED,,,44629.34858,FALSE,5304,Accepted
29793183,0568000,LOUISVILLE METRO POLICE DEPT,Accepted,JEFFERSON,,,MURPHY,LN,,,TAZWELL,,,,,38.30579932,-85.53534462,0.3,44627,1131,2,1,0,1,RAINING,WET,TRUE,COLLISION WITH BICYCLE IN INTERSECTION,SINGLE VEHICLE,STRAIGHT & LEVEL,DAYLIGHT,,,44629.34679,FALSE,7483,Accepted
29758493,0568000,LOUISVILLE METRO POLICE DEPT,Accepted,JEFFERSON,,4308,FEGENBUSH,LN,,,,,,,,38.18417392,-85.63855882,0.244,44620,1709,2,1,0,1,CLEAR,DRY,FALSE,COLLISION IN PARKING LOT,SINGLE VEHICLE,STRAIGHT & LEVEL,DAYLIGHT,,,44621.36524,FALSE,7739,Accepted
29739440,0568000,LOUISVILLE METRO POLICE DEPT,Accepted,JEFFERSON,KY1727,6600,TERRY,RD,,,,,,,,38.15448135,-85.86872195,2.292,44613,2029,2,1,1,0,CLOUDY,DRY,TRUE,COLLISION WITH BICYCLIST NON INTERSECTION,SINGLE VEHICLE,STRAIGHT & LEVEL,DARK-HWY NOT LIGHTED,,,44616.35796,FALSE,2217,Accepted
29725526,0568000,LOUISVILLE METRO POLICE DEPT,Accepted,JEFFERSON,,350,CHESTNUT,ST,W,,,,,,,38.24884184,-85.75690335,2.417,44609,0940,2,1,0,1,RAINING,WET,FALSE,COLLISION WITH BICYCLIST NON INTERSECTION,SINGLE VEHICLE,STRAIGHT & LEVEL,DAYLIGHT,,,44613.35323,FALSE,2764,Accepted
29734659,0568000,LOUISVILLE METRO POLICE DEPT,Accepted,JEFFERSON,US0060A,,LEXINGTON,RD,,,DOVER,,,,,38.24863045,-85.67312192,9.629,44609,0740,2,2,0,1,RAINING,WET,FALSE,NON-COLLISION OBJECT COLLISION,SIDESWIPE-SAME DIRECTION,STRAIGHT & LEVEL,DAYLIGHT,,,44615.3437,FALSE,2673,Accepted
29705939,0568000,LOUISVILLE METRO POLICE DEPT,Accepted,JEFFERSON,,,FOREST,DR,,KY0061,PRESTON,,,,,38.16170751,-85.69974432,0.001,44602,1438,2,1,0,1,CLEAR,DRY,FALSE,COLLISION WITH BICYCLE IN INTERSECTION,SINGLE VEHICLE,STRAIGHT & LEVEL,DAYLIGHT,,,44608.33983,FALSE,5027,Accepted
29696495,0568000,LOUISVILLE METRO POLICE DEPT,Accepted,JEFFERSON,,,LEWISTON,DR,,US0031W,DIXIE,,,,,38.17129176,-85.82641486,0.015,44600,0932,2,1,0,1,CLEAR,DRY,FALSE,COLLISION WITH BICYCLE IN INTERSECTION,SINGLE VEHICLE,STRAIGHT & LEVEL,DAYLIGHT,,,44606.35572,FALSE,5392,Accepted
29648588,0568000,LOUISVILLE METRO POLICE DEPT,Accepted,JEFFERSON,,,LONSDALE,AVE,,,WALTER,,,,,38.17597417,-85.78636793,0.239,44592,1711,2,1,0,1,CLEAR,DRY,FALSE,COLLISION WITH BICYCLE IN INTERSECTION,SINGLE VEHICLE,STRAIGHT & LEVEL,DAYLIGHT,,,44593.35038,FALSE,7435,Accepted
29594956,0566700,MIDDLETOWN POLICE DEPARTMENT,Accepted,JEFFERSON,,,OLD HENRY,RD,,,,,EVERGREEN,,EVERGREEN PLACE,38.2522239,-85.53184794,0.062,44578,0600,2,1,0,0,CLEAR,SNOW/SLUSH,TRUE,OTHER ROADWAY OR MID-BLOCK COLLISION,SINGLE VEHICLE,STRAIGHT & LEVEL,DARK-HWY LIGHTED/ON,,,44578.58657,FALSE,2023,Accepted
29585649,0568000,LOUISVILLE METRO POLICE DEPT,Accepted,JEFFERSON,,3025,HUNSINGER,LN,,,,,,,,38.21830291,-85.62497243,0.107,44573,1849,2,1,0,1,CLEAR,DRY,FALSE,COLLISION WITH BICYCLIST NON INTERSECTION,SINGLE VEHICLE,STRAIGHT & LEVEL,DARK-HWY LIGHTED/ON,,,44575.3398,FALSE,7739,Accepted
29605672,0568000,LOUISVILLE METRO POLICE DEPT,Accepted,JEFFERSON,,,43RD,ST,S,,VIRGINIA,,,,,38.2403604,-85.82550616,1.754,44571,2100,2,1,0,1,CLEAR,DRY,FALSE,COLLISION WITH BICYCLE IN INTERSECTION,SINGLE VEHICLE,STRAIGHT & LEVEL,DARK-HWY LIGHTED/ON,,,44581.34374,FALSE,5181,Accepted
29526330,0568000,LOUISVILLE METRO POLICE DEPT,Accepted,JEFFERSON,,,3RD,ST,S,,LANSING,,,,,38.19257578,-85.76494974,0.552,44563,1928,2,1,0,1,CLEAR,DRY,TRUE,OTHER INTERSECTION COLLISIONS,SINGLE VEHICLE,STRAIGHT & LEVEL,DARK-HWY NOT LIGHTED,,,44564.32805,FALSE,7402,Accepted
29535874,0568000,LOUISVILLE METRO POLICE DEPT,Accepted,JEFFERSON,,,MARKET,ST,W,,,,,,,38.26036316,-85.80158418,0.832,44563,1413,2,1,0,1,CLOUDY,DRY,TRUE,COLLISION WITH BICYCLIST NON INTERSECTION,SINGLE VEHICLE,STRAIGHT & LEVEL,DAYLIGHT,,,44566.35211,FALSE,7628,Accepted
29504197,0568000,LOUISVILLE METRO POLICE DEPT,Accepted,JEFFERSON,KY0907,,SOUTHSIDE,DR,,KY1020,NATIONAL,,,,,38.15253447,-85.76563646,7.036,44553,1605,2,1,0,1,CLOUDY,DRY,FALSE,COLLISION WITH BICYCLE IN INTERSECTION,SINGLE VEHICLE,STRAIGHT & LEVEL,DAYLIGHT,,,44557.35704,FALSE,7751,Accepted
29487578,0568000,LOUISVILLE METRO POLICE DEPT,Accepted,JEFFERSON,,,FOREMAN,LN,,,BOST,,,,,38.13013164,-85.69435544,0.389,44542,1754,2,1,0,0,CLEAR,DRY,FALSE,COLLISION WITH BICYCLE IN INTERSECTION,SINGLE VEHICLE,STRAIGHT & LEVEL,DARK-HWY NOT LIGHTED,,,44551.33959,FALSE,7354,Accepted
29394128,0560300,ST. MATTHEWS POLICE DEPARTMENT,Accepted,JEFFERSON,,,BROWNS,LN,,,,,HILLSBORO,,SPRINGHILL,38.24326735,-85.64012803,0.733,44536,0622,2,1,0,1,RAINING,WET,TRUE,COLLISION WITH BICYCLIST NON INTERSECTION,SINGLE VEHICLE,STRAIGHT & LEVEL,DARK-HWY NOT LIGHTED,,,44536.89235,FALSE,9188,Accepted
29377334,0568000,LOUISVILLE METRO POLICE DEPT,Accepted,JEFFERSON,,,HANCOCK,ST,S,,,,MARSHALL,,MUHAMMAD ALI,38.24989508,-85.74272953,0.356,44531,1535,2,1,0,1,CLOUDY,DRY,FALSE,COLLISION WITH BICYCLIST NON INTERSECTION,SINGLE VEHICLE,STRAIGHT & LEVEL,DAYLIGHT,,,44532.3492,FALSE,6360,Accepted
29349305,0568000,LOUISVILLE METRO POLICE DEPT,Accepted,JEFFERSON,,,CHAMBERLAIN,LN,,,,,,,,38.31279299,-85.56758965,4.055,44523,1805,2,1,0,1,CLEAR,DRY,FALSE,COLLISION WITH BICYCLIST NON INTERSECTION,SINGLE VEHICLE,STRAIGHT & LEVEL,DARK-HWY LIGHTED/ON,,,44524.36553,FALSE,2489,Accepted
29349272,0568000,LOUISVILLE METRO POLICE DEPT,Accepted,JEFFERSON,KY1020,,2ND,ST,S,,GUTHRIE,,,,,38.24971628,-85.75443905,12.362,44517,1801,2,1,0,1,CLEAR,DRY,FALSE,COLLISION WITH BICYCLE IN INTERSECTION,SINGLE VEHICLE,STRAIGHT & LEVEL,DARK (UNKNOWN ROADWAY LIGHTING),,,44524.36439,FALSE,5173,Accepted
29321718,0568000,LOUISVILLE METRO POLICE DEPT,Accepted,JEFFERSON,KY2048,,DUTCHMANS,LN,,,GAST,,,,,38.22419746,-85.65463154,0.234,44516,0140,2,1,0,1,CLEAR,DRY,FALSE,COLLISION WITH BICYCLE IN INTERSECTION,SINGLE VEHICLE,STRAIGHT & LEVEL,DAYLIGHT,,,44517.29874,FALSE,2228,Accepted
29271356,0568000,LOUISVILLE METRO POLICE DEPT,Accepted,JEFFERSON,,,HIKES,LN,,US0031E,BUECHEL,,,,,38.19831229,-85.66111853,0.806,44508,1046,2,1,0,1,CLEAR,DRY,FALSE,COLLISION WITH BICYCLE IN INTERSECTION,SINGLE VEHICLE,STRAIGHT & LEVEL,DAYLIGHT,,,44510.33448,FALSE,5247,Accepted
29196048,0568000,LOUISVILLE METRO POLICE DEPT,Accepted,JEFFERSON,,,19TH,ST,S,,,,MAGAZINE,US0150,BROADWAY,38.25013923,-85.78297597,0.617,44507,1500,2,1,0,1,CLEAR,DRY,TRUE,COLLISION WITH BICYCLIST NON INTERSECTION,SINGLE VEHICLE,STRAIGHT & LEVEL,DAYLIGHT,,,44508.31574,FALSE,5251,Accepted
29187055,0568000,LOUISVILLE METRO POLICE DEPT,Accepted,JEFFERSON,US0031W,,22ND,ST,S,,,,WOODLAND,,STANDARD,38.23216589,-85.79155393,18.399,44504,1916,2,1,0,1,CLEAR,DRY,FALSE,COLLISION WITH BICYCLIST NON INTERSECTION,SINGLE VEHICLE,STRAIGHT & GRADE,DARK-HWY NOT LIGHTED,,,44505.34834,FALSE,5164,Accepted
29196020,0568000,LOUISVILLE METRO POLICE DEPT,Accepted,JEFFERSON,KY1020,,NATIONAL,TPKE,,,RECOVERY,,,,,38.14364666,-85.75634154,4.873,44502,2105,2,1,0,1,CLEAR,DRY,FALSE,COLLISION WITH BICYCLE IN INTERSECTION,SINGLE VEHICLE,STRAIGHT & LEVEL,DUSK,,,44508.31508,FALSE,5266,Accepted